Season,Age,Team,Lg,Pos,G,GS,Int,Yds,IntTD,Lng,PD,FF,Fmb,FR,Yds,FRTD,Sk,Comb,Solo,Ast,tackles_loss,QBHits,safety_md,awards,Player,PlayerID
2017,23,TEN,NFL,RB,16,2,0,0,0,0,0,0,1,0,0,0,0.0,0,0,0,,,0,,Derrick Henry,HenrDe00
2018,24,TEN,NFL,RB,16,12,0,0,0,0,0,0,1,0,0,0,0.0,0,0,0,0.0,0.0,0,,Derrick Henry,HenrDe00
2019,25,TEN,NFL,RB,15,15,0,0,0,0,0,0,5,0,0,0,0.0,0,0,0,0.0,0.0,0,,Derrick Henry,HenrDe00
2020,26,TEN,NFL,RB,16,16,0,0,0,0,0,0,3,1,0,0,0.0,0,0,0,0.0,0.0,0,,Derrick Henry,HenrDe00
2021,27,TEN,NFL,RB,8,8,0,0,0,0,0,0,1,1,0,0,0.0,0,0,0,0.0,0.0,0,,Derrick Henry,HenrDe00
2022,28,TEN,NFL,RB,16,16,0,0,0,0,0,0,6,1,-6,0,0.0,0,0,0,0.0,0.0,0,,Derrick Henry,HenrDe00
2023,29,TEN,NFL,RB,17,17,0,0,0,0,0,0,0,1,0,0,0.0,0,0,0,0.0,0.0,0,,Derrick Henry,HenrDe00
2024,30,BAL,NFL,RB,17,17,0,0,0,0,0,0,3,0,0,0,0.0,0,0,0,0.0,0.0,0,,Derrick Henry,HenrDe00
2025,31,BAL,NFL,RB,14,14,0,0,0,0,0,0,3,0,0,0,0.0,0,0,0,0.0,0.0,0,,Derrick Henry,HenrDe00
