Season,Age,Team,Pos,G,GS,Cmp,Att,pass_target_yds,pass_tgt_yds_per_att,pass_air_yds,pass_air_yds_per_cmp,pass_air_yds_per_att,pass_yac,pass_yac_per_cmp,pass_batted_passes,pass_throwaways,pass_spikes,pass_drops,pass_drop_pct,pass_poor_throws,pass_poor_throw_pct,pass_on_target,pass_on_target_pct,pocket_time,pass_blitzed,pass_hurried,pass_hits,pass_pressured,pass_pressured_pct,rush_scrambles,rush_scrambles_yds_per_att,pass_rpo,pass_rpo_yds,pass_rpo_pass_att,pass_rpo_pass_yds,pass_rpo_rush_att,pass_rpo_rush_yds,pass_play_action,pass_play_action_pass_yds,Awards,Player,PlayerID
2018,35,GNB,QB,16,16,372,597,5237,8.8,2308,6.2,3.9,2134,5.7,0,48,2,27,4.9,106,19.4,,,2.5,153,90,38,177,26.0,34,8.3,,,,,,,,,PB,Aaron Rodgers,RodgAa00
2019,36,GNB,QB,16,16,353,569,5005,8.8,1993,5.6,3.5,2009,5.7,3,31,1,24,4.5,114,21.2,401.0,74.7,2.6,154,57,45,138,21.9,26,7.8,32.0,107.0,30.0,107.0,0.0,0.0,124.0,966.0,PB,Aaron Rodgers,RodgAa00
2020,37,GNB,QB,16,16,372,526,4135,7.9,2051,5.5,3.9,2248,6.0,3,23,3,27,5.4,69,13.8,406.0,81.2,2.5,168,33,28,81,14.2,24,6.2,42.0,335.0,39.0,323.0,3.0,12.0,145.0,1210.0,"PB,AP-1,AP MVP-1,AP OPoY-2",Aaron Rodgers,RodgAa00
2021,38,GNB,QB,16,16,366,531,4099,7.7,1947,5.3,3.7,2168,5.9,8,18,3,13,2.5,93,18.2,394.0,77.3,2.3,135,59,40,129,22.3,17,6.5,30.0,200.0,30.0,200.0,0.0,0.0,107.0,798.0,"PB,AP-1,AP MVP-1,AP OPoY-4",Aaron Rodgers,RodgAa00
2022,39,GNB,QB,17,17,350,542,4342,8.0,1816,5.2,3.4,1879,5.4,8,25,2,40,7.8,76,14.8,415.0,80.6,2.4,136,37,39,108,18.4,13,7.8,62.0,417.0,58.0,413.0,1.0,4.0,136.0,994.0,,Aaron Rodgers,RodgAa00
2023,40,NYJ,QB,1,1,0,1,17,17.0,0,,0.0,0,,0,1,0,0,,0,,0.0,,3.2,0,1,1,3,150.0,0,,0.0,0.0,0.0,0.0,0.0,0.0,0.0,0.0,,Aaron Rodgers,RodgAa00
2024,41,NYJ,QB,17,17,368,584,3996,6.8,1778,4.8,3.0,2119,5.8,13,16,0,39,6.9,98,17.3,429.0,75.5,2.3,141,35,52,127,19.8,16,6.4,7.0,20.0,7.0,20.0,0.0,0.0,1.0,12.0,AP CPoY-7,Aaron Rodgers,RodgAa00
2025,42,PIT,QB,16,16,327,498,2990,6.0,1203,3.7,2.4,2119,6.5,8,21,2,17,3.6,82,17.3,351.0,73.9,2.2,97,27,28,84,15.6,12,5.7,52.0,393.0,51.0,393.0,0.0,0.0,93.0,517.0,,Aaron Rodgers,RodgAa00
2018,34,WAS,QB,10,10,205,328,2650,8.1,1205,5.9,3.7,975,4.8,0,14,2,15,4.8,56,17.9,,,2.4,82,51,23,96,25.9,21,6.2,,,,,,,,,,Alex Smith,SmitAl03
2020,36,WAS,QB,8,6,168,252,1286,5.1,629,3.7,2.5,953,5.7,4,12,0,8,3.3,42,17.5,183.0,76.3,2.3,63,37,27,86,31.0,3,3.0,22.0,122.0,22.0,122.0,0.0,0.0,48.0,365.0,AP CPoY-1,Alex Smith,SmitAl03
2018,31,CIN,QB,11,11,226,365,2947,8.1,1424,6.3,3.9,1142,5.1,0,9,3,18,5.1,55,15.6,,,2.3,100,54,15,90,22.6,12,8.3,,,,,,,,,,Andy Dalton,DaltAn00
2019,32,CIN,QB,13,13,314,528,3991,7.6,1843,5.9,3.5,1651,5.3,14,17,7,27,5.4,92,18.3,362.0,71.8,2.3,188,36,24,97,16.9,10,6.0,38.0,206.0,33.0,198.0,5.0,8.0,103.0,692.0,,Andy Dalton,DaltAn00
2020,33,DAL,QB,11,9,216,333,2278,6.8,1127,5.2,3.4,1043,4.8,5,14,0,21,6.6,48,15.0,250.0,78.4,2.3,119,15,25,64,17.2,15,5.7,21.0,177.0,17.0,154.0,3.0,23.0,61.0,414.0,,Andy Dalton,DaltAn00
2021,34,CHI,QB,8,6,149,236,1620,6.9,763,5.1,3.2,752,5.0,7,8,1,9,4.0,39,17.2,162.0,71.4,2.3,92,23,13,54,20.3,12,6.8,14.0,141.0,12.0,138.0,1.0,3.0,30.0,174.0,,Andy Dalton,DaltAn00
2022,35,NOR,QB,14,14,252,378,2973,7.9,1543,6.1,4.1,1328,5.3,10,14,0,25,6.9,45,12.4,284.0,78.0,2.3,99,15,21,61,14.7,11,4.8,9.0,63.0,8.0,60.0,1.0,3.0,61.0,611.0,,Andy Dalton,DaltAn00
2023,36,CAR,QB,3,1,34,58,478,8.2,233,6.9,4.0,128,3.8,2,1,0,5,8.8,11,19.3,39.0,68.4,2.2,14,2,5,10,16.1,1,10.0,2.0,16.0,1.0,15.0,1.0,1.0,3.0,15.0,,Andy Dalton,DaltAn00
2024,37,CAR,QB,6,5,106,160,1068,6.7,530,5.0,3.3,459,4.3,5,3,0,9,5.7,21,13.4,117.0,74.5,2.2,56,10,11,28,16.2,6,6.0,0.0,0.0,0.0,0.0,0.0,0.0,0.0,0.0,,Andy Dalton,DaltAn00
2025,38,CAR,QB,4,1,25,37,347,9.4,203,8.1,5.5,90,3.6,0,1,0,3,8.3,5,13.9,29.0,80.6,2.4,11,1,2,11,23.9,1,1.0,3.0,17.0,2.0,17.0,0.0,0.0,4.0,23.0,,Andy Dalton,DaltAn00
2018,36,PIT,QB,16,16,452,675,5254,7.8,2327,5.1,3.4,2802,6.2,0,7,3,24,3.6,122,18.3,,,2.3,164,58,37,119,16.7,12,8.3,,,,,,,,,,Ben Roethlisberger,RoetBe00
2019,37,PIT,QB,2,2,35,62,576,9.3,158,4.5,2.5,193,5.5,2,0,0,7,11.3,12,19.4,44.0,71.0,2.3,17,14,2,18,27.7,1,7.0,0.0,0.0,0.0,0.0,0.0,0.0,1.0,8.0,,Ben Roethlisberger,RoetBe00
2020,38,PIT,QB,15,15,399,608,4220,6.9,1850,4.6,3.0,1953,4.9,13,2,0,39,6.4,91,15.0,463.0,76.4,2.1,175,42,51,106,17.0,3,7.0,26.0,85.0,25.0,85.0,1.0,0.0,48.0,234.0,AP CPoY-2,Ben Roethlisberger,RoetBe00
2021,39,PIT,QB,16,16,390,605,4055,6.7,1808,4.6,3.0,1932,5.0,13,6,2,30,5.0,111,18.6,451.0,75.5,2.2,145,44,38,120,18.6,3,6.0,23.0,52.0,21.0,51.0,1.0,1.0,90.0,587.0,,Ben Roethlisberger,RoetBe00
2018,29,TEN,QB,8,3,61,101,710,7.0,325,5.3,3.2,301,4.9,0,2,0,4,4.0,24,24.2,,,2.1,28,9,2,16,15.1,0,,,,,,,,,,,Blaine Gabbert,GabbBl00
2020,31,TAM,QB,4,0,9,16,108,6.8,63,7.0,3.9,80,8.9,0,0,0,1,6.3,5,31.3,11.0,68.8,1.6,8,1,0,2,10.5,2,9.0,0.0,0.0,0.0,0.0,0.0,0.0,2.0,30.0,,Blaine Gabbert,GabbBl00
2021,32,TAM,QB,6,0,7,11,90,8.2,28,4.0,2.5,39,5.6,1,0,0,0,0.0,2,18.2,7.0,63.6,2.0,3,1,0,2,16.7,0,,1.0,14.0,1.0,14.0,0.0,0.0,1.0,14.0,,Blaine Gabbert,GabbBl00
2022,33,TAM,QB,1,0,6,8,20,2.5,-8,-1.3,-1.0,37,6.2,0,0,0,1,12.5,0,0.0,8.0,100.0,1.7,2,0,0,0,0.0,0,,2.0,20.0,2.0,20.0,0.0,0.0,1.0,7.0,,Blaine Gabbert,GabbBl00
2023,34,KAN,QB,2,1,18,35,189,5.4,67,3.7,1.9,118,6.6,2,1,0,5,14.7,6,17.6,23.0,67.6,1.9,10,0,10,11,27.5,4,11.8,4.0,21.0,4.0,21.0,0.0,0.0,6.0,45.0,,Blaine Gabbert,GabbBl00
2024,24,DEN,QB,17,17,376,567,4116,7.3,1703,4.5,3.0,2072,5.5,16,18,1,32,5.8,83,15.1,420.0,76.6,2.5,148,44,34,102,15.9,50,7.2,4.0,32.0,4.0,32.0,0.0,0.0,12.0,101.0,AP ORoY-3,Bo Nix,NixxBo00
2025,25,DEN,QB,17,17,388,612,4498,7.3,1838,4.7,3.0,2093,5.4,13,26,1,43,7.4,93,15.9,453.0,77.4,2.4,114,61,45,128,19.1,35,8.8,91.0,497.0,81.0,487.0,5.0,10.0,102.0,761.0,,Bo Nix,NixxBo00
2022,23,SFO,QB,9,5,114,170,1119,6.6,668,5.9,3.9,706,6.2,7,5,0,13,7.9,20,12.1,127.0,77.0,2.3,54,5,15,31,16.6,6,4.2,9.0,102.0,9.0,102.0,0.0,0.0,37.0,288.0,AP ORoY-3,Brock Purdy,PurdBr00
2023,24,SFO,QB,16,16,308,444,3623,8.2,2246,7.3,5.1,2034,6.6,13,12,3,9,2.1,70,16.3,324.0,75.5,2.6,142,28,42,98,20.1,16,7.8,24.0,236.0,20.0,227.0,1.0,9.0,93.0,969.0,"PB,AP MVP-4,AP OPoY-6,AP CPoY-6",Brock Purdy,PurdBr00
2024,25,SFO,QB,15,15,300,455,3809,8.4,2220,7.4,4.9,1644,5.5,10,10,5,19,4.3,62,14.1,345.0,78.4,2.5,142,32,38,101,19.1,44,6.8,2.0,21.0,1.0,5.0,1.0,16.0,4.0,43.0,,Brock Purdy,PurdBr00
2025,26,SFO,QB,9,9,197,284,2126,7.5,1318,6.7,4.6,849,4.3,4,15,0,9,3.3,33,12.3,221.0,82.2,2.7,59,27,28,66,21.1,18,7.3,15.0,111.0,14.0,109.0,1.0,2.0,72.0,570.0,,Brock Purdy,PurdBr00
2023,22,CAR,QB,16,16,315,527,3980,7.6,1577,5.0,3.0,1300,4.1,6,46,1,23,4.8,103,21.5,352.0,73.3,2.5,166,38,50,150,24.2,31,8.4,31.0,149.0,26.0,145.0,1.0,4.0,81.0,589.0,,Bryce Young,YounBr01
2024,23,CAR,QB,14,12,234,384,3298,8.6,1434,6.1,3.7,969,4.1,1,25,0,15,4.2,80,22.3,258.0,71.9,2.3,136,53,38,120,26.7,37,6.9,13.0,61.0,12.0,61.0,0.0,0.0,14.0,90.0,,Bryce Young,YounBr01
2025,24,CAR,QB,16,16,304,478,3075,6.4,1466,4.8,3.1,1545,5.1,9,32,2,18,4.1,73,16.4,346.0,77.9,2.4,127,54,48,129,24.0,33,6.7,49.0,399.0,44.0,371.0,5.0,28.0,91.0,633.0,,Bryce Young,YounBr01
2023,22,HOU,QB,15,15,319,499,4484,9.0,2346,7.4,4.7,1762,5.5,9,16,6,18,3.8,95,19.9,357.0,74.8,2.5,126,47,38,123,22.0,23,6.4,34.0,344.0,31.0,343.0,1.0,1.0,94.0,1036.0,"PB,AP MVP-8,AP ORoY-1",C.J. Stroud,StroCJ00
2024,23,HOU,QB,17,17,336,532,4376,8.2,2063,6.1,3.9,1664,5.0,8,22,1,26,5.1,95,18.7,373.0,73.3,2.5,154,66,56,174,28.0,37,6.8,8.0,74.0,7.0,74.0,0.0,0.0,11.0,123.0,,C.J. Stroud,StroCJ00
2025,24,HOU,QB,14,14,273,423,3361,7.9,1676,6.1,4.0,1365,5.0,10,22,3,10,2.5,70,17.6,297.0,74.6,2.4,132,43,35,101,21.4,25,7.8,18.0,166.0,17.0,166.0,0.0,0.0,92.0,738.0,,C.J. Stroud,StroCJ00
2024,23,CHI,QB,17,17,351,562,4443,7.9,1675,4.8,3.0,1866,5.3,9,36,4,20,3.8,110,21.1,378.0,72.4,2.4,174,52,40,160,23.5,51,7.9,0.0,0.0,0.0,0.0,0.0,0.0,0.0,0.0,AP ORoY-10,Caleb Williams,WillCa03
2025,24,CHI,QB,17,17,330,568,4809,8.5,2107,6.4,3.7,1835,5.6,18,40,2,29,5.5,109,20.7,367.0,69.8,2.5,174,94,41,159,25.1,41,8.7,36.0,262.0,28.0,237.0,8.0,25.0,169.0,1192.0,,Caleb Williams,WillCa03
2018,29,CAR,QB,14,14,320,471,3384,7.2,1652,5.2,3.5,1743,5.4,0,16,3,24,5.3,62,13.7,,,2.3,135,49,22,100,19.0,27,7.4,,,,,,,,,,Cam Newton,NewtCa00
2019,30,CAR,QB,2,2,50,89,793,8.9,368,7.4,4.1,204,4.1,2,2,1,3,3.5,26,30.2,54.0,62.8,2.2,43,12,5,23,24.0,1,3.0,15.0,116.0,12.0,116.0,2.0,0.0,22.0,195.0,,Cam Newton,NewtCa00
2020,31,NWE,QB,15,15,242,368,2496,6.8,1393,5.8,3.8,1264,5.2,9,11,2,15,4.2,70,19.7,265.0,74.6,2.6,178,48,30,109,26.0,20,9.3,36.0,145.0,13.0,61.0,23.0,84.0,99.0,863.0,,Cam Newton,NewtCa00
2021,32,CAR,QB,8,5,69,126,882,7.0,375,5.4,3.0,309,4.5,6,2,0,6,4.8,28,22.6,81.0,65.3,2.2,59,15,10,35,24.5,7,8.3,32.0,202.0,19.0,119.0,12.0,83.0,19.0,113.0,,Cam Newton,NewtCa00
2025,23,TEN,QB,17,17,323,540,3896,7.2,1622,5.0,3.0,1547,4.8,14,37,3,23,4.6,95,19.0,363.0,72.6,2.4,138,67,50,172,27.8,23,6.6,60.0,308.0,53.0,297.0,3.0,11.0,87.0,519.0,,Cam Ward,WardCa00
2018,25,DAL,QB,16,16,356,526,3967,7.5,1993,5.6,3.8,1892,5.3,0,13,0,22,4.3,89,17.3,,,2.4,168,73,49,178,29.1,29,6.7,,,,,,,,,PB,Dak Prescott,PresDa01
2019,26,DAL,QB,16,16,388,596,5539,9.3,2984,7.7,5.0,1918,4.9,9,14,1,36,6.2,86,14.8,451.0,77.6,2.6,155,40,57,120,18.8,20,7.3,54.0,453.0,45.0,383.0,9.0,70.0,129.0,1239.0,,Dak Prescott,PresDa01
2020,27,DAL,QB,5,5,151,222,1762,7.9,1046,6.9,4.7,810,5.4,1,3,1,13,6.0,33,15.1,168.0,77.1,2.5,66,23,19,52,21.7,8,8.0,34.0,263.0,32.0,261.0,1.0,2.0,58.0,582.0,,Dak Prescott,PresDa01
2021,28,DAL,QB,16,16,410,596,4591,7.7,2425,5.9,4.1,2024,4.9,10,11,0,28,4.8,86,14.7,452.0,77.3,2.4,187,46,48,124,19.2,20,6.4,43.0,210.0,38.0,198.0,4.0,12.0,118.0,953.0,AP CPoY-2,Dak Prescott,PresDa01
2022,29,DAL,QB,12,12,261,394,3239,8.2,1656,6.3,4.2,1204,4.6,4,6,0,24,6.2,67,17.3,296.0,76.3,2.5,102,29,37,86,20.0,15,5.0,46.0,324.0,40.0,288.0,5.0,36.0,94.0,663.0,,Dak Prescott,PresDa01
2023,30,DAL,QB,17,17,410,590,4586,7.8,2553,6.2,4.3,1963,4.8,10,10,0,38,6.6,68,11.7,479.0,82.6,2.4,163,26,47,112,17.0,28,6.9,89.0,696.0,80.0,671.0,5.0,25.0,100.0,613.0,"PB,AP-2,AP MVP-2,AP OPoY-5",Dak Prescott,PresDa01
2024,31,DAL,QB,8,8,185,286,2255,7.9,1039,5.6,3.6,939,5.1,6,5,2,6,2.2,50,17.9,199.0,71.3,2.3,62,31,28,80,25.6,6,7.5,4.0,26.0,3.0,26.0,0.0,0.0,4.0,23.0,,Dak Prescott,PresDa01
2025,32,DAL,QB,17,17,404,600,4774,8.0,2529,6.3,4.2,2023,5.0,18,14,3,25,4.3,73,12.5,436.0,74.8,2.4,163,55,56,142,21.6,26,6.8,56.0,507.0,55.0,507.0,0.0,0.0,122.0,1014.0,"PB,AP CPoY-3",Dak Prescott,PresDa01
2019,22,NYG,QB,13,12,284,459,3689,8.0,1619,5.7,3.5,1408,5.0,6,12,0,17,3.8,80,17.9,318.0,71.1,2.5,131,48,66,152,29.0,27,8.4,37.0,325.0,28.0,297.0,5.0,28.0,75.0,639.0,,Daniel Jones,JoneDa05
2020,23,NYG,QB,14,14,280,448,3395,7.6,1827,6.5,4.1,1116,4.0,8,14,2,23,5.3,76,17.6,325.0,75.2,2.5,200,56,55,156,30.3,22,7.9,46.0,367.0,28.0,208.0,17.0,159.0,101.0,717.0,,Daniel Jones,JoneDa05
2021,24,NYG,QB,11,11,232,361,2616,7.2,1334,5.8,3.7,1094,4.7,5,12,1,19,5.5,64,18.4,265.0,76.1,2.4,120,37,36,95,23.3,24,6.4,38.0,160.0,25.0,111.0,10.0,49.0,93.0,652.0,,Daniel Jones,JoneDa05
2022,25,NYG,QB,16,16,317,472,3024,6.4,1609,5.1,3.4,1596,5.0,11,24,5,29,6.5,54,12.2,359.0,81.0,2.5,137,46,53,143,25.1,53,7.2,49.0,310.0,39.0,240.0,9.0,70.0,141.0,984.0,AP CPoY-11,Daniel Jones,JoneDa05
2023,26,NYG,QB,6,6,108,160,1083,6.8,469,4.3,2.9,440,4.1,5,7,0,6,3.9,21,13.7,120.0,78.4,2.3,47,17,17,64,30.5,20,8.0,30.0,198.0,23.0,160.0,6.0,38.0,30.0,262.0,,Daniel Jones,JoneDa05
2024,27,NYG,QB,10,10,216,341,2443,7.2,1126,5.2,3.3,944,4.4,7,17,4,24,7.5,40,12.5,254.0,79.4,2.4,89,21,44,94,24.5,14,5.5,7.0,62.0,5.0,49.0,2.0,13.0,5.0,18.0,,Daniel Jones,JoneDa05
2025,28,IND,QB,13,13,261,384,3063,8.0,1750,6.7,4.6,1351,5.2,8,10,2,14,3.8,45,12.1,290.0,78.0,2.3,127,24,41,87,20.3,23,6.6,61.0,518.0,52.0,491.0,5.0,27.0,103.0,872.0,,Daniel Jones,JoneDa05
2018,27,OAK,QB,16,16,381,553,3784,6.8,2066,5.4,3.7,1983,5.2,0,21,7,33,6.3,66,12.6,,,2.3,141,69,28,148,24.2,8,6.4,,,,,,,,,,Derek Carr,CarrDe02
2019,28,OAK,QB,16,16,361,513,3364,6.6,1932,5.4,3.8,2122,5.9,9,28,2,25,5.2,53,11.0,399.0,82.6,2.5,107,67,17,113,20.3,14,5.5,18.0,120.0,17.0,108.0,1.0,12.0,84.0,709.0,,Derek Carr,CarrDe02
2020,29,LVR,QB,16,16,348,517,4184,8.1,2147,6.2,4.2,1956,5.6,5,20,4,20,4.1,79,16.0,389.0,78.9,2.5,173,56,30,112,19.8,23,5.4,27.0,163.0,22.0,130.0,4.0,33.0,91.0,614.0,,Derek Carr,CarrDe02
2021,30,LVR,QB,17,17,428,626,5086,8.1,2525,5.9,4.0,2279,5.3,10,22,3,26,4.3,94,15.6,466.0,77.5,2.5,168,58,48,146,21.4,17,6.3,31.0,228.0,29.0,228.0,1.0,0.0,93.0,909.0,,Derek Carr,CarrDe02
2022,31,LVR,QB,15,15,305,502,4589,9.1,2009,6.6,4.0,1513,5.0,11,27,0,25,5.3,95,20.0,341.0,71.8,2.6,119,33,40,100,18.4,14,6.9,17.0,92.0,17.0,92.0,0.0,0.0,108.0,906.0,PB,Derek Carr,CarrDe02
2023,32,NOR,QB,17,17,375,548,4280,7.8,2182,5.8,4.0,1696,4.5,5,25,0,20,3.8,80,15.3,417.0,79.7,2.3,172,24,35,90,15.3,9,5.7,23.0,114.0,23.0,114.0,0.0,0.0,87.0,813.0,,Derek Carr,CarrDe02
2024,33,NOR,QB,10,10,189,279,2167,7.8,1058,5.6,3.8,1087,5.8,5,17,0,10,3.8,37,14.1,201.0,76.7,2.4,79,42,21,71,24.1,8,6.3,1.0,5.0,1.0,5.0,0.0,0.0,8.0,53.0,,Derek Carr,CarrDe02
2018,23,HOU,QB,16,16,345,505,4270,8.5,2412,7.0,4.8,1753,5.1,0,13,6,17,3.5,84,17.3,,,2.5,163,77,59,198,31.7,58,7.2,,,,,,,,,PB,Deshaun Watson,WatsDe00
2019,24,HOU,QB,15,15,333,495,4396,8.9,2166,6.5,4.4,1686,5.1,6,15,2,21,4.4,80,16.7,367.0,76.8,2.5,167,47,39,130,22.3,44,7.1,92.0,637.0,65.0,517.0,25.0,120.0,94.0,813.0,PB,Deshaun Watson,WatsDe00
2020,25,HOU,QB,16,16,382,544,4840,8.9,2847,7.5,5.2,1976,5.2,5,19,2,19,3.6,79,15.1,420.0,80.3,2.5,168,75,47,171,26.1,62,6.4,73.0,598.0,56.0,519.0,13.0,79.0,81.0,834.0,PB,Deshaun Watson,WatsDe00
2022,27,CLE,QB,6,6,99,170,1217,7.2,558,5.6,3.3,544,5.5,4,12,2,12,7.7,22,14.1,116.0,74.4,2.9,35,5,12,37,18.1,14,7.1,26.0,227.0,19.0,169.0,6.0,58.0,51.0,403.0,,Deshaun Watson,WatsDe00
2023,28,CLE,QB,6,6,105,171,1566,9.2,616,5.9,3.6,499,4.8,4,5,1,12,7.3,34,20.6,118.0,71.5,2.5,59,13,18,48,23.4,17,6.2,20.0,115.0,17.0,116.0,1.0,-1.0,34.0,334.0,,Deshaun Watson,WatsDe00
2024,29,CLE,QB,7,7,137,216,1523,7.1,564,4.1,2.6,584,4.3,5,5,0,20,9.5,34,16.1,166.0,78.7,2.6,72,16,37,86,31.9,21,6.3,6.0,17.0,4.0,15.0,1.0,2.0,8.0,50.0,,Deshaun Watson,WatsDe00
2024,22,NWE,QB,13,12,225,338,2442,7.2,1084,4.8,3.2,1192,5.3,7,14,1,11,3.4,53,16.4,246.0,76.2,2.3,96,23,26,83,19.9,45,9.0,0.0,0.0,0.0,0.0,0.0,0.0,0.0,0.0,"PB,AP ORoY-8",Drake Maye,MayeDr00
2025,23,NWE,QB,17,17,354,492,4484,9.1,2648,7.5,5.4,1746,4.9,11,20,0,13,2.8,65,13.8,373.0,79.0,2.4,158,42,42,131,21.8,62,6.9,39.0,279.0,32.0,235.0,7.0,44.0,103.0,1049.0,"PB,AP-2,AP MVP-2,AP OPoY-5",Drake Maye,MayeDr00
2018,39,NOR,QB,15,15,364,489,3495,7.1,2165,5.9,4.4,1827,5.0,0,13,0,22,4.6,49,10.3,,,2.4,137,43,24,84,16.5,4,6.8,,,,,,,,,"PB,AP-2,AP MVP-2,AP OPoY-2",Drew Brees,BreeDr00
2019,40,NOR,QB,11,11,281,378,2429,6.4,1488,5.3,3.9,1491,5.3,4,9,5,13,3.6,39,10.7,306.0,84.1,2.3,114,25,17,54,13.8,0,,2.0,27.0,2.0,27.0,0.0,0.0,53.0,492.0,PB,Drew Brees,BreeDr00
2020,41,NOR,QB,12,12,275,390,2361,6.1,1464,5.3,3.8,1478,5.4,3,7,2,21,5.5,51,13.4,308.0,80.8,2.4,92,13,33,59,14.6,2,1.5,5.0,34.0,5.0,34.0,0.0,0.0,55.0,430.0,,Drew Brees,BreeDr00
2018,37,NYG,QB,16,16,380,576,4239,7.4,2147,5.7,3.7,2152,5.7,0,9,1,24,4.2,94,16.6,,,2.4,122,64,41,152,24.2,4,4.0,,,,,,,,,,Eli Manning,MannEl00
2019,38,NYG,QB,4,4,91,147,1199,8.2,625,6.9,4.3,417,4.6,4,4,0,4,2.8,28,19.6,106.0,74.1,2.4,37,10,8,23,15.0,1,6.0,14.0,112.0,14.0,112.0,0.0,0.0,34.0,282.0,,Eli Manning,MannEl00
2018,28,LAC,QB,5,0,1,4,11,2.8,-3,-3.0,-0.8,11,11.0,0,1,0,0,0.0,0,0.0,,,2.6,1,2,2,5,83.3,1,9.0,,,,,,,,,,Geno Smith,SmitGe00
2020,30,SEA,QB,1,0,4,5,25,5.0,19,4.8,3.8,14,3.5,0,0,0,0,0.0,1,20.0,4.0,80.0,2.1,4,0,1,2,33.3,0,,3.0,12.0,1.0,14.0,2.0,-2.0,1.0,14.0,,Geno Smith,SmitGe00
2021,31,SEA,QB,4,3,65,95,669,7.0,342,5.3,3.6,360,5.5,3,6,1,0,0.0,13,14.8,65.0,73.9,2.5,38,12,6,31,27.7,4,9.3,3.0,25.0,3.0,25.0,0.0,0.0,19.0,214.0,,Geno Smith,SmitGe00
2022,32,SEA,QB,17,17,399,572,4325,7.6,2506,6.3,4.4,1776,4.5,11,20,1,18,3.3,65,11.8,434.0,78.8,2.4,170,37,64,147,22.5,34,9.1,37.0,283.0,34.0,278.0,2.0,5.0,135.0,1150.0,"PB,AP MVP-9,AP CPoY-1",Geno Smith,SmitGe00
2023,33,SEA,QB,15,15,323,499,3500,7.0,1910,5.9,3.8,1714,5.3,18,21,4,24,5.1,69,14.6,358.0,75.5,2.4,145,63,46,140,25.5,20,7.9,49.0,493.0,45.0,483.0,3.0,10.0,113.0,1115.0,PB,Geno Smith,SmitGe00
2024,34,SEA,QB,17,17,407,578,3942,6.8,2139,5.3,3.7,2181,5.4,14,20,2,20,3.6,58,10.4,455.0,81.8,2.4,138,36,57,143,21.9,24,10.7,0.0,0.0,0.0,0.0,0.0,0.0,0.0,0.0,,Geno Smith,SmitGe00
2025,35,LVR,QB,15,15,302,448,2713,6.1,1312,4.3,2.9,1713,5.7,12,16,2,15,3.5,49,11.4,331.0,77.0,2.5,146,22,42,119,22.8,18,6.1,45.0,296.0,41.0,276.0,1.0,20.0,95.0,719.0,,Geno Smith,SmitGe00
2025,22,MIN,QB,10,10,140,243,2166,8.9,940,6.7,3.9,692,4.9,16,4,0,12,5.0,51,21.3,159.0,66.5,2.5,70,10,39,76,26.5,17,9.2,20.0,123.0,13.0,84.0,4.0,39.0,65.0,400.0,,J.J. McCarthy,McCaJJ00
2018,26,IND,QB,4,0,2,4,82,20.5,1,0.5,0.3,1,0.5,0,0,0,0,0.0,1,25.0,,,2.1,2,1,1,2,50.0,0,,,,,,,,,,,Jacoby Brissett,BrisJa00
2019,27,IND,QB,15,15,272,447,3521,7.9,1437,5.3,3.2,1505,5.5,12,21,3,24,5.7,78,18.4,315.0,74.5,2.6,135,56,54,137,27.0,33,6.1,60.0,343.0,50.0,305.0,9.0,38.0,110.0,827.0,,Jacoby Brissett,BrisJa00
2020,28,IND,QB,11,0,2,8,65,8.1,-1,-0.5,-0.1,18,9.0,0,1,0,1,14.3,3,42.9,4.0,57.1,2.8,3,3,0,5,45.5,1,2.0,4.0,8.0,0.0,0.0,3.0,8.0,2.0,4.0,,Jacoby Brissett,BrisJa00
2021,29,MIA,QB,11,5,141,225,1691,7.5,775,5.5,3.4,508,3.6,1,7,1,17,7.8,37,17.1,158.0,72.8,2.4,63,27,24,70,27.2,13,5.0,23.0,156.0,21.0,152.0,1.0,4.0,33.0,243.0,,Jacoby Brissett,BrisJa00
2022,30,CLE,QB,16,11,236,369,3154,8.5,1513,6.4,4.1,1095,4.6,5,16,3,25,7.1,48,13.7,265.0,75.7,2.5,101,39,39,102,24.5,23,8.7,11.0,36.0,11.0,36.0,0.0,0.0,76.0,700.0,,Jacoby Brissett,BrisJa00
2023,31,WAS,QB,3,0,18,23,178,7.7,154,8.6,6.7,70,3.9,0,1,0,1,4.5,1,4.5,19.0,86.4,2.5,2,0,2,2,8.0,2,9.5,0.0,0.0,0.0,0.0,0.0,0.0,3.0,21.0,,Jacoby Brissett,BrisJa00
2024,32,NWE,QB,8,5,95,161,1038,6.4,389,4.1,2.4,437,4.6,1,7,1,13,8.5,29,19.0,118.0,77.1,2.4,55,16,28,62,33.0,9,7.2,2.0,19.0,2.0,19.0,0.0,0.0,3.0,10.0,,Jacoby Brissett,BrisJa00
2025,33,ARI,QB,14,12,315,485,3691,7.6,1809,5.7,3.7,1557,4.9,4,25,1,11,2.4,81,17.6,336.0,73.2,2.4,104,45,63,151,27.5,22,6.8,41.0,237.0,34.0,230.0,2.0,7.0,108.0,799.0,,Jacoby Brissett,BrisJa00
2020,22,PHI,QB,15,4,77,148,1350,9.1,593,7.7,4.0,468,6.1,5,12,1,4,3.0,36,26.7,82.0,60.7,2.3,55,16,12,41,22.2,24,6.9,40.0,338.0,15.0,198.0,22.0,140.0,19.0,236.0,,Jalen Hurts,HurtJa00
2021,23,PHI,QB,15,15,265,432,3863,8.9,1681,6.3,3.9,1463,5.5,11,22,2,22,5.4,57,14.0,319.0,78.2,2.6,124,76,32,134,26.4,50,8.3,154.0,1178.0,95.0,819.0,52.0,359.0,111.0,994.0,,Jalen Hurts,HurtJa00
2022,24,PHI,QB,15,15,306,460,3734,8.1,1928,6.3,4.2,1773,5.8,13,23,0,22,5.0,62,14.2,340.0,77.8,2.3,172,39,22,99,18.3,44,7.8,148.0,1156.0,122.0,1068.0,21.0,88.0,133.0,1094.0,"PB,AP-2,AP MVP-2,AP OPoY-3",Jalen Hurts,HurtJa00
2023,25,PHI,QB,17,17,352,538,4646,8.6,2161,6.1,4.0,1697,4.8,14,35,0,19,3.8,72,14.3,397.0,78.9,2.6,185,59,29,124,20.0,47,6.8,116.0,582.0,89.0,498.0,20.0,84.0,81.0,646.0,PB,Jalen Hurts,HurtJa00
2024,26,PHI,QB,15,15,248,361,2812,7.8,1528,6.2,4.2,1375,5.5,8,25,1,6,1.8,45,13.4,265.0,79.1,2.7,126,29,23,90,20.5,39,9.4,2.0,8.0,2.0,8.0,0.0,0.0,6.0,34.0,,Jalen Hurts,HurtJa00
2025,27,PHI,QB,16,16,294,454,4085,9.0,1959,6.7,4.3,1265,4.3,8,22,2,11,2.6,72,16.7,318.0,74.0,2.5,162,48,25,105,20.0,40,6.7,80.0,476.0,67.0,427.0,10.0,49.0,79.0,610.0,PB,Jalen Hurts,HurtJa00
2018,24,TAM,QB,11,9,244,378,4079,10.8,2082,8.5,5.5,910,3.7,0,5,1,18,4.8,60,16.1,,,2.4,84,43,29,99,22.4,36,7.1,,,,,,,,,,Jameis Winston,WinsJa00
2019,25,TAM,QB,16,16,380,626,6486,10.4,3249,8.6,5.2,1860,4.9,11,22,2,23,3.8,124,20.6,421.0,69.9,2.5,241,60,54,161,22.9,31,7.4,9.0,82.0,8.0,80.0,1.0,2.0,93.0,1133.0,,Jameis Winston,WinsJa00
2020,26,NOR,QB,4,0,7,11,51,4.6,14,2.0,1.3,61,8.7,0,0,0,0,0.0,3,27.3,7.0,63.6,2.2,5,1,1,4,28.6,1,3.0,0.0,0.0,0.0,0.0,0.0,0.0,3.0,31.0,,Jameis Winston,WinsJa00
2021,27,NOR,QB,7,7,95,161,1340,8.3,589,6.2,3.7,581,6.1,5,9,0,10,6.6,33,21.7,108.0,71.1,2.6,68,18,18,47,24.9,17,9.5,2.0,11.0,1.0,0.0,1.0,11.0,37.0,355.0,,Jameis Winston,WinsJa00
2022,28,NOR,QB,3,3,73,115,1315,11.4,651,8.9,5.7,207,2.8,2,2,1,3,2.7,23,20.5,81.0,72.3,2.5,41,9,11,31,24.0,3,3.7,2.0,21.0,2.0,21.0,0.0,0.0,11.0,32.0,,Jameis Winston,WinsJa00
2023,29,NOR,QB,7,0,25,47,603,12.8,179,7.2,3.8,85,3.4,0,1,0,3,6.5,10,21.7,35.0,76.1,2.1,19,3,2,7,14.3,0,,1.0,11.0,1.0,11.0,0.0,0.0,1.0,11.0,,Jameis Winston,WinsJa00
2024,30,CLE,QB,12,7,181,296,2632,8.9,1356,7.5,4.6,765,4.2,11,4,1,13,4.5,52,17.9,205.0,70.4,2.4,61,23,24,71,21.6,8,5.8,0.0,0.0,0.0,0.0,0.0,0.0,0.0,0.0,,Jameis Winston,WinsJa00
2025,31,NYG,QB,3,2,37,66,619,9.4,357,9.6,5.4,210,5.7,0,4,0,1,1.6,16,25.8,41.0,66.1,2.5,18,10,9,22,31.4,1,11.0,8.0,50.0,6.0,47.0,2.0,3.0,17.0,178.0,,Jameis Winston,WinsJa00
2018,24,LAR,QB,16,16,364,561,4865,8.7,2562,7.0,4.6,2126,5.8,0,29,2,13,2.5,93,17.5,,,2.6,151,66,34,133,21.7,18,6.2,,,,,,,,,PB,Jared Goff,GoffJa00
2019,25,LAR,QB,16,16,394,626,4825,7.7,2388,6.1,3.8,2250,5.7,17,15,1,27,4.4,123,20.2,437.0,71.6,2.6,219,52,48,122,18.5,10,3.8,2.0,3.0,0.0,0.0,2.0,3.0,182.0,1564.0,,Jared Goff,GoffJa00
2020,26,LAR,QB,15,15,370,552,3579,6.5,1800,4.9,3.3,2152,5.8,6,24,2,27,5.1,84,16.0,413.0,78.5,2.5,185,42,54,119,19.9,22,4.5,2.0,11.0,0.0,0.0,2.0,11.0,172.0,1384.0,,Jared Goff,GoffJa00
2021,27,DET,QB,14,14,332,494,3149,6.4,1490,4.5,3.0,1755,5.3,5,21,5,21,4.5,77,16.5,375.0,80.1,2.4,110,50,48,133,24.6,11,6.1,24.0,191.0,22.0,174.0,1.0,17.0,79.0,647.0,,Jared Goff,GoffJa00
2022,28,DET,QB,17,17,382,587,4106,7.0,2151,5.6,3.7,2287,6.0,11,27,1,34,6.1,94,16.8,426.0,76.2,2.4,186,43,53,119,19.1,14,4.6,20.0,108.0,20.0,108.0,0.0,0.0,154.0,1445.0,"PB,AP CPoY-6",Jared Goff,GoffJa00
2023,29,DET,QB,17,17,407,605,4064,6.7,2428,6.0,4.0,2147,5.3,14,27,4,35,6.1,87,15.2,461.0,80.3,2.3,212,42,69,141,22.0,7,4.4,23.0,189.0,22.0,186.0,1.0,3.0,151.0,1415.0,,Jared Goff,GoffJa00
2024,30,DET,QB,17,17,390,539,3390,6.3,1994,5.1,3.7,2635,6.8,4,24,3,11,2.1,69,13.5,412.0,80.5,2.3,143,34,57,122,20.9,14,4.9,2.0,0.0,2.0,0.0,0.0,0.0,10.0,98.0,"PB,AP MVP-5,AP OPoY-9",Jared Goff,GoffJa00
2025,31,DET,QB,17,17,393,578,3684,6.4,2140,5.4,3.7,2424,6.2,15,31,2,25,4.6,86,15.8,427.0,78.3,2.3,152,38,76,152,24.5,5,9.6,13.0,65.0,12.0,65.0,0.0,0.0,160.0,1502.0,PB,Jared Goff,GoffJa00
2024,24,WAS,QB,17,17,331,480,3526,7.3,1788,5.4,3.7,1780,5.4,12,15,2,20,4.3,67,14.5,362.0,78.2,2.4,153,36,28,111,18.5,73,8.1,11.0,111.0,10.0,99.0,1.0,12.0,18.0,147.0,"PB,AP MVP-7,AP OPoY-17,AP ORoY-1",Jayden Daniels,DaniJa02
2025,25,WAS,QB,7,7,114,188,1354,7.2,685,6.0,3.6,577,5.1,4,12,2,12,6.9,26,14.9,133.0,76.4,2.3,61,12,11,41,16.7,39,6.5,48.0,357.0,32.0,278.0,14.0,79.0,28.0,243.0,,Jayden Daniels,DaniJa02
2018,27,SFO,QB,3,3,53,89,792,8.9,350,6.6,3.9,368,6.9,0,2,0,5,5.7,16,18.4,,,2.4,21,16,4,33,30.8,5,6.6,,,,,,,,,,Jimmy Garoppolo,GaroJi00
2019,28,SFO,QB,16,16,329,476,3106,6.5,1819,5.5,3.8,2159,6.6,6,7,2,28,6.0,64,13.7,377.0,80.7,2.4,201,41,32,109,20.8,12,4.7,24.0,349.0,23.0,349.0,0.0,0.0,125.0,1438.0,AP CPoY-2,Jimmy Garoppolo,GaroJi00
2020,29,SFO,QB,6,6,94,140,879,6.3,382,4.1,2.7,714,7.6,1,0,0,9,6.4,24,17.1,109.0,77.9,2.3,50,8,14,33,21.3,4,5.3,10.0,57.0,8.0,57.0,0.0,0.0,40.0,385.0,,Jimmy Garoppolo,GaroJi00
2021,30,SFO,QB,15,15,301,441,3304,7.5,1844,6.1,4.2,1966,6.5,5,11,3,23,5.4,55,12.9,348.0,81.5,2.4,100,24,36,89,18.7,6,3.7,38.0,339.0,37.0,334.0,1.0,5.0,100.0,1017.0,,Jimmy Garoppolo,GaroJi00
2022,31,SFO,QB,11,10,207,308,2115,6.9,990,4.8,3.2,1447,7.0,10,2,0,21,6.9,39,12.7,228.0,74.5,2.3,87,9,24,51,15.5,3,3.7,32.0,190.0,29.0,189.0,1.0,1.0,52.0,420.0,,Jimmy Garoppolo,GaroJi00
2023,32,LVR,QB,7,6,110,169,1380,8.2,737,6.7,4.4,468,4.3,5,3,1,5,3.0,30,18.2,117.0,70.9,2.5,51,5,15,34,17.8,8,4.9,3.0,16.0,3.0,16.0,0.0,0.0,37.0,309.0,,Jimmy Garoppolo,GaroJi00
2024,33,LAR,QB,1,1,27,41,221,5.4,102,3.8,2.5,232,8.6,0,1,0,0,0.0,8,20.0,27.0,67.5,2.2,13,0,5,8,17.8,1,5.0,0.0,0.0,0.0,0.0,0.0,0.0,0.0,0.0,,Jimmy Garoppolo,GaroJi00
2020,24,CIN,QB,10,10,264,404,3438,8.5,1550,5.9,3.8,1138,4.3,4,8,3,19,4.8,58,14.8,296.0,75.3,2.3,138,30,47,109,24.1,16,5.2,38.0,185.0,34.0,170.0,2.0,15.0,78.0,503.0,,Joe Burrow,BurrJo01
2021,25,CIN,QB,16,16,366,520,4192,8.1,2332,6.4,4.5,2279,6.2,8,12,2,23,4.5,54,10.7,419.0,82.8,2.4,125,46,48,145,24.5,21,5.4,23.0,168.0,20.0,167.0,1.0,1.0,75.0,807.0,AP CPoY-1,Joe Burrow,BurrJo01
2022,26,CIN,QB,16,16,414,606,4121,6.8,2319,5.6,3.8,2156,5.2,24,17,1,34,5.8,76,12.9,465.0,79.1,2.2,110,22,48,111,16.5,27,7.5,65.0,432.0,58.0,414.0,2.0,18.0,95.0,619.0,"PB,AP MVP-4,AP OPoY-9",Joe Burrow,BurrJo01
2023,27,CIN,QB,10,10,244,365,2315,6.3,1070,4.4,2.9,1239,5.1,10,11,1,21,5.9,52,14.7,267.0,75.6,2.2,83,13,37,74,18.4,14,6.5,55.0,263.0,54.0,262.0,1.0,1.0,35.0,361.0,,Joe Burrow,BurrJo01
2024,28,CIN,QB,17,17,460,652,4603,7.1,2726,5.9,4.2,2192,4.8,10,20,1,30,4.8,73,11.6,507.0,80.3,2.2,164,38,69,155,21.5,22,9.3,0.0,0.0,0.0,0.0,0.0,0.0,0.0,0.0,"PB,AP MVP-4,AP OPoY-5,AP CPoY-1",Joe Burrow,BurrJo01
2025,29,CIN,QB,8,8,173,259,1856,7.2,985,5.7,3.8,824,4.8,5,11,0,9,3.6,28,11.3,186.0,75.0,2.3,56,17,28,62,21.7,10,3.8,34.0,190.0,31.0,187.0,1.0,3.0,19.0,131.0,PB,Joe Burrow,BurrJo01
2018,33,BAL,QB,9,9,232,379,3237,8.5,1450,6.3,3.8,1015,4.4,0,9,3,22,6.0,65,17.7,,,2.3,116,47,22,85,21.3,4,7.0,,,,,,,,,,Joe Flacco,FlacJo00
2019,34,DEN,QB,8,8,171,262,1750,6.7,915,5.4,3.5,907,5.3,9,12,1,15,6.0,40,16.1,194.0,77.9,2.4,76,41,14,81,27.6,5,4.2,4.0,16.0,4.0,16.0,0.0,0.0,38.0,287.0,,Joe Flacco,FlacJo00
2020,35,NYJ,QB,5,4,74,134,1422,10.6,519,7.0,3.9,345,4.7,1,10,0,5,4.0,29,23.4,88.0,71.0,2.3,56,16,20,43,29.5,5,4.4,4.0,9.0,4.0,9.0,0.0,0.0,28.0,213.0,,Joe Flacco,FlacJo00
2021,36,NYJ,QB,2,1,27,42,330,7.9,163,6.0,3.9,175,6.5,1,4,0,1,2.6,6,15.8,29.0,76.3,2.1,24,4,6,12,26.7,1,1.0,1.0,5.0,1.0,5.0,0.0,0.0,7.0,81.0,,Joe Flacco,FlacJo00
2022,37,NYJ,QB,5,4,110,191,1491,7.8,587,5.3,3.1,464,4.2,5,6,0,13,7.0,38,20.5,127.0,68.6,2.4,55,16,26,52,25.7,1,7.0,8.0,47.0,7.0,47.0,0.0,0.0,33.0,244.0,,Joe Flacco,FlacJo00
2023,38,CLE,QB,5,5,123,204,1900,9.3,938,7.6,4.6,678,5.5,3,7,0,9,4.6,35,17.8,138.0,70.1,2.6,46,19,14,41,19.3,0,,9.0,177.0,9.0,177.0,0.0,0.0,63.0,704.0,AP CPoY-1,Joe Flacco,FlacJo00
2024,39,IND,QB,8,6,162,248,2183,8.8,1110,6.9,4.5,651,4.0,5,6,0,11,4.5,42,17.4,178.0,73.6,2.3,61,13,18,49,18.2,3,8.7,13.0,170.0,11.0,170.0,0.0,0.0,14.0,176.0,,Joe Flacco,FlacJo00
2025,40,2TM,QB,13,10,251,416,3042,7.3,1314,5.2,3.2,1165,4.6,7,27,4,19,4.9,63,16.4,283.0,73.5,2.3,83,31,41,90,20.5,4,7.5,42.0,241.0,39.0,229.0,1.0,12.0,46.0,297.0,PB,Joe Flacco,FlacJo00
2021,23,GNB,QB,6,1,36,62,488,7.9,178,4.9,2.9,233,6.5,0,2,0,2,3.3,15,25.0,40.0,66.7,2.4,29,9,7,19,27.1,5,6.6,2.0,0.0,2.0,0.0,0.0,0.0,10.0,104.0,,Jordan Love,LoveJo03
2022,24,GNB,QB,4,0,14,21,151,7.2,78,5.6,3.7,117,8.4,0,0,1,1,5.0,3,15.0,16.0,80.0,2.1,1,0,0,0,0.0,0,,0.0,0.0,0.0,0.0,0.0,0.0,1.0,63.0,,Jordan Love,LoveJo03
2023,25,GNB,QB,17,17,372,579,4902,8.5,2242,6.0,3.9,1917,5.2,8,18,2,29,5.2,98,17.5,428.0,76.6,2.5,215,47,42,119,18.8,24,8.5,75.0,535.0,63.0,495.0,9.0,40.0,113.0,1105.0,,Jordan Love,LoveJo03
2024,26,GNB,QB,15,15,268,425,3685,8.7,1735,6.5,4.1,1654,6.2,6,14,0,30,7.3,75,18.2,301.0,73.2,2.4,142,37,49,100,22.2,12,7.1,7.0,76.0,7.0,76.0,0.0,0.0,4.0,0.0,,Jordan Love,LoveJo03
2025,27,GNB,QB,15,15,291,439,3834,8.7,1870,6.4,4.3,1511,5.2,6,26,1,17,4.1,60,14.6,319.0,77.4,2.4,135,37,49,107,22.1,24,7.6,45.0,350.0,39.0,324.0,6.0,26.0,106.0,861.0,,Jordan Love,LoveJo03
2018,22,BUF,QB,12,11,169,320,3508,11.0,1126,6.7,3.5,948,5.6,0,17,0,18,5.9,78,25.7,,,2.4,126,54,33,115,29.2,46,11.0,,,,,,,,,,Josh Allen,AlleJo02
2019,23,BUF,QB,16,16,271,461,4266,9.3,1758,6.5,3.8,1331,4.9,10,25,3,31,7.2,88,20.3,317.0,73.2,2.3,201,45,43,126,23.2,43,7.3,42.0,267.0,32.0,240.0,8.0,27.0,93.0,787.0,,Josh Allen,AlleJo02
2020,24,BUF,QB,16,16,396,572,4857,8.5,2692,6.8,4.7,1852,4.7,4,22,0,25,4.5,88,16.0,435.0,79.1,2.6,244,64,47,137,21.9,29,7.9,82.0,617.0,62.0,547.0,18.0,70.0,160.0,1501.0,"PB,AP-2,AP MVP-2,AP OPoY-4",Josh Allen,AlleJo02
2021,25,BUF,QB,17,17,409,646,5305,8.2,2664,6.5,4.1,1743,4.3,16,32,0,35,5.7,107,17.4,459.0,74.8,2.4,182,95,64,185,25.7,48,9.6,124.0,916.0,93.0,762.0,31.0,154.0,178.0,1643.0,,Josh Allen,AlleJo02
2022,26,BUF,QB,16,16,359,567,5205,9.2,2691,7.5,4.7,1592,4.4,14,18,1,37,6.8,91,16.6,404.0,73.7,2.5,144,41,40,114,17.4,57,9.4,69.0,493.0,62.0,471.0,5.0,22.0,145.0,1235.0,"PB,AP MVP-3,AP OPoY-8",Josh Allen,AlleJo02
2023,27,BUF,QB,17,17,385,579,5028,8.7,2333,6.1,4.0,1973,5.1,7,28,2,31,5.6,78,14.2,427.0,77.8,2.3,181,51,51,126,19.3,50,7.6,83.0,675.0,70.0,637.0,9.0,38.0,92.0,929.0,"AP MVP-5,AP OPoY-6",Josh Allen,AlleJo02
2024,28,BUF,QB,17,17,307,483,3836,7.9,1726,5.6,3.6,2005,6.5,9,22,1,20,4.3,86,18.7,344.0,74.8,2.4,136,37,37,88,16.4,41,8.9,4.0,43.0,3.0,47.0,1.0,-4.0,13.0,90.0,"PB,AP-2,AP MVP-1,AP OPoY-6",Josh Allen,AlleJo02
2025,29,BUF,QB,17,17,319,460,3351,7.3,1706,5.3,3.7,1962,6.2,7,12,1,18,4.0,58,13.0,357.0,79.9,2.5,128,30,29,99,18.0,49,8.8,42.0,311.0,36.0,286.0,6.0,25.0,114.0,954.0,"PB,AP MVP-3",Josh Allen,AlleJo02
2021,22,CHI,QB,12,10,159,270,2641,9.8,1178,7.4,4.4,692,4.4,3,8,2,18,6.9,57,21.9,189.0,72.7,2.5,96,29,31,96,27.3,46,8.0,22.0,137.0,8.0,75.0,11.0,62.0,48.0,413.0,,Justin Fields,FielJu00
2022,23,CHI,QB,15,15,192,318,2899,9.1,1285,6.7,4.0,957,5.0,12,13,0,16,5.2,59,19.3,216.0,70.8,2.7,102,33,31,119,26.9,69,9.8,90.0,475.0,61.0,368.0,25.0,107.0,83.0,759.0,AP MVP-9,Justin Fields,FielJu00
2023,24,CHI,QB,13,13,227,370,2965,8.0,1338,5.9,3.6,1224,5.4,11,25,0,13,3.8,58,16.8,252.0,73.0,2.8,143,44,33,121,26.5,43,8.4,60.0,480.0,39.0,397.0,16.0,83.0,73.0,534.0,,Justin Fields,FielJu00
2024,25,PIT,QB,10,6,106,161,1235,7.7,586,5.5,3.6,520,4.9,3,8,1,7,4.6,24,15.8,114.0,75.0,2.5,48,11,16,43,22.2,17,6.3,1.0,9.0,0.0,0.0,1.0,9.0,0.0,0.0,,Justin Fields,FielJu00
2025,26,NYJ,QB,9,9,128,204,1385,6.8,673,5.3,3.3,586,4.6,9,8,2,11,5.7,25,12.9,150.0,77.3,2.6,59,14,28,69,26.5,29,8.6,17.0,73.0,12.0,57.0,3.0,16.0,34.0,238.0,,Justin Fields,FielJu00
2020,22,LAC,QB,15,15,396,595,4378,7.4,2121,5.4,3.6,2215,5.6,7,7,4,23,3.9,105,18.0,447.0,76.5,2.4,170,85,70,187,28.7,25,5.6,32.0,196.0,20.0,115.0,10.0,81.0,127.0,1140.0,AP ORoY-1,Justin Herbert,HerbJu00
2021,23,LAC,QB,17,17,443,672,5075,7.6,2627,5.9,3.9,2387,5.4,17,14,1,38,5.8,96,14.6,527.0,80.2,2.4,155,51,61,143,19.4,36,7.8,54.0,516.0,46.0,484.0,6.0,32.0,166.0,1515.0,PB,Justin Herbert,HerbJu00
2022,24,LAC,QB,17,17,477,699,4476,6.4,2246,4.7,3.2,2493,5.2,23,25,2,39,5.8,87,12.9,508.0,75.6,2.5,182,50,72,160,21.1,22,6.5,41.0,328.0,41.0,328.0,0.0,0.0,188.0,1435.0,AP MVP-9,Justin Herbert,HerbJu00
2023,25,LAC,QB,13,13,297,456,3479,7.6,1571,5.3,3.4,1563,5.3,11,11,0,22,4.9,71,16.0,339.0,76.2,2.4,158,36,42,107,20.9,27,8.4,68.0,435.0,60.0,402.0,7.0,33.0,80.0,517.0,,Justin Herbert,HerbJu00
2024,26,LAC,QB,17,17,332,504,4326,8.6,2182,6.6,4.3,1688,5.1,10,14,3,32,6.6,67,13.8,388.0,79.7,2.5,156,20,62,123,21.4,31,10.0,3.0,8.0,3.0,8.0,0.0,0.0,15.0,57.0,"AP MVP-9,AP CPoY-12",Justin Herbert,HerbJu00
2025,27,LAC,QB,16,16,340,512,4011,7.8,2070,6.1,4.0,1657,4.9,10,17,0,25,5.1,75,15.2,378.0,76.4,2.4,158,55,74,183,29.8,48,9.0,64.0,444.0,51.0,387.0,9.0,57.0,99.0,904.0,PB,Justin Herbert,HerbJu00
2018,30,MIN,QB,16,16,425,606,4390,7.2,2345,5.5,3.9,1953,4.6,0,17,3,25,4.3,68,11.6,,,2.5,143,97,39,176,26.5,17,5.6,,,,,,,,,,Kirk Cousins,CousKi00
2019,31,MIN,QB,15,15,307,444,3395,7.6,1818,5.9,4.1,1785,5.8,9,24,0,17,4.0,65,15.5,332.0,79.0,2.7,107,48,30,106,22.0,9,5.6,1.0,46.0,1.0,46.0,0.0,0.0,124.0,1235.0,PB,Kirk Cousins,CousKi00
2020,32,MIN,QB,16,16,349,516,4103,8.0,2329,6.7,4.5,1936,5.5,11,27,3,18,3.7,67,13.8,395.0,81.3,2.6,181,56,78,173,30.2,17,8.1,3.0,12.0,2.0,10.0,1.0,2.0,127.0,1286.0,,Kirk Cousins,CousKi00
2021,33,MIN,QB,16,16,372,561,4577,8.2,2415,6.5,4.3,1806,4.9,4,13,5,22,4.1,93,17.1,418.0,77.0,2.4,168,68,65,161,26.6,16,7.8,8.0,23.0,7.0,21.0,1.0,2.0,113.0,1107.0,PB,Kirk Cousins,CousKi00
2022,34,MIN,QB,17,17,424,643,4806,7.5,2569,6.1,4.0,1978,4.7,14,27,3,25,4.1,93,15.2,469.0,76.5,2.5,159,36,84,166,23.7,12,9.1,20.0,175.0,19.0,175.0,0.0,0.0,191.0,1283.0,PB,Kirk Cousins,CousKi00
2023,35,MIN,QB,8,8,216,311,2256,7.3,1335,6.2,4.3,996,4.6,3,5,2,16,5.3,39,12.8,250.0,82.2,2.5,106,21,45,83,25.1,3,7.0,15.0,39.0,13.0,39.0,0.0,0.0,85.0,616.0,,Kirk Cousins,CousKi00
2024,36,ATL,QB,14,14,303,453,3392,7.5,1821,6.0,4.0,1687,5.6,15,12,4,16,3.7,51,11.7,340.0,77.8,2.4,106,25,47,100,20.7,3,5.3,0.0,0.0,0.0,0.0,0.0,0.0,8.0,52.0,AP CPoY-13,Kirk Cousins,CousKi00
2025,37,ATL,QB,10,8,166,269,1875,7.0,738,4.4,2.7,983,5.9,3,12,3,12,4.7,41,16.1,183.0,72.0,2.4,70,17,31,61,21.5,2,4.0,3.0,11.0,3.0,11.0,0.0,0.0,63.0,597.0,,Kirk Cousins,CousKi00
2019,22,ARI,QB,16,16,349,542,3987,7.4,1870,5.4,3.5,1852,5.3,18,24,4,17,3.3,92,17.9,378.0,73.5,2.3,151,63,16,127,20.6,28,6.9,108.0,780.0,70.0,536.0,33.0,244.0,116.0,938.0,AP ORoY-1,Kyler Murray,MurrKy00
2020,23,ARI,QB,16,16,375,558,4340,7.8,2213,5.9,4.0,1758,4.7,14,25,8,13,2.5,88,16.8,405.0,77.1,2.4,156,55,24,106,16.7,51,8.4,171.0,1395.0,121.0,1107.0,43.0,288.0,107.0,877.0,PB,Kyler Murray,MurrKy00
2021,24,ARI,QB,14,14,333,481,3847,8.0,1986,6.0,4.1,1801,5.4,10,20,0,16,3.5,66,14.3,367.0,79.6,2.3,110,69,13,113,20.8,30,7.6,111.0,780.0,79.0,702.0,28.0,78.0,109.0,937.0,PB,Kyler Murray,MurrKy00
2022,25,ARI,QB,11,11,259,390,2673,6.9,1114,4.3,2.9,1254,4.8,9,16,3,22,5.9,44,11.9,289.0,77.9,2.2,89,42,15,82,18.5,29,7.9,50.0,393.0,43.0,336.0,7.0,57.0,61.0,440.0,,Kyler Murray,MurrKy00
2023,26,ARI,QB,8,8,176,268,1955,7.3,822,4.7,3.1,977,5.6,10,5,1,10,3.8,35,13.4,196.0,74.8,2.4,73,20,19,57,18.8,18,9.6,32.0,148.0,22.0,128.0,7.0,20.0,44.0,467.0,AP CPoY-9,Kyler Murray,MurrKy00
2024,27,ARI,QB,17,17,372,541,3669,6.8,1883,5.1,3.5,1968,5.3,14,19,1,17,3.3,66,12.7,412.0,79.1,2.4,155,47,23,100,16.3,42,8.7,6.0,56.0,5.0,43.0,1.0,13.0,5.0,21.0,AP CPoY-10,Kyler Murray,MurrKy00
2025,28,ARI,QB,5,5,110,161,951,5.9,417,3.8,2.6,545,5.0,7,4,0,5,3.2,25,15.9,118.0,75.2,2.3,35,7,9,32,16.5,17,8.9,26.0,160.0,17.0,122.0,8.0,38.0,25.0,146.0,,Kyler Murray,MurrKy00
2018,21,BAL,QB,16,7,99,170,1479,8.7,685,6.9,4.0,516,5.2,0,6,0,7,4.3,34,20.7,,,2.5,51,33,9,58,28.3,19,6.2,,,,,,,,,,Lamar Jackson,JackLa00
2019,22,BAL,QB,15,15,265,401,3545,8.8,1767,6.7,4.4,1360,5.1,12,11,2,14,3.6,68,17.5,295.0,76.0,2.6,138,31,21,75,16.2,39,11.0,173.0,1259.0,77.0,588.0,92.0,671.0,116.0,892.0,"PB,AP-1,AP MVP-1,AP OPoY-2",Lamar Jackson,JackLa00
2020,23,BAL,QB,15,15,242,376,3241,8.6,1588,6.6,4.2,1169,4.8,6,9,3,20,5.5,64,17.6,274.0,75.3,2.5,104,49,24,102,22.5,49,7.2,157.0,1301.0,75.0,742.0,76.0,559.0,87.0,767.0,,Lamar Jackson,JackLa00
2021,24,BAL,QB,12,12,246,382,3543,9.3,1734,7.0,4.5,1148,4.7,9,7,4,18,4.9,74,19.9,272.0,73.3,2.5,151,39,29,106,22.6,49,8.0,119.0,834.0,63.0,574.0,54.0,260.0,93.0,831.0,PB,Lamar Jackson,JackLa00
2022,25,BAL,QB,12,12,203,326,2752,8.4,1271,6.3,3.9,971,4.8,8,16,1,26,8.4,56,18.1,233.0,75.4,2.6,125,32,15,73,19.4,24,8.2,110.0,919.0,72.0,587.0,35.0,332.0,99.0,814.0,,Lamar Jackson,JackLa00
2023,26,BAL,QB,16,16,307,457,3831,8.4,1929,6.3,4.2,1749,5.7,9,15,1,22,5.0,73,16.6,326.0,73.9,2.7,169,22,29,88,15.7,65,6.4,115.0,1046.0,86.0,893.0,25.0,153.0,58.0,525.0,"PB,AP-1,AP MVP-1,AP OPoY-4,AP CPoY-9",Lamar Jackson,JackLa00
2024,27,BAL,QB,17,17,316,474,4056,8.6,2087,6.6,4.4,2085,6.6,12,13,5,28,6.1,69,15.1,359.0,78.7,2.5,162,53,31,107,19.7,45,9.0,8.0,58.0,4.0,34.0,3.0,24.0,7.0,94.0,"PB,AP-1,AP MVP-2,AP OPoY-2",Lamar Jackson,JackLa00
2025,28,BAL,QB,13,13,192,302,2663,8.8,1485,7.7,4.9,1064,5.5,11,10,2,13,4.5,53,18.3,210.0,72.4,2.5,125,28,23,87,23.6,30,7.3,46.0,410.0,27.0,322.0,16.0,88.0,67.0,825.0,,Lamar Jackson,JackLa00
2018,33,ATL,QB,16,16,422,608,5210,8.6,2791,6.6,4.6,2133,5.1,0,18,1,36,6.1,79,13.4,,,2.3,201,53,48,143,21.4,18,6.7,,,,,,,,,,Matt Ryan,RyanMa00
2019,34,ATL,QB,15,15,408,616,5009,8.1,2816,6.9,4.6,1650,4.0,19,27,1,17,2.9,86,14.6,443.0,75.3,2.5,199,54,62,164,23.9,21,7.1,31.0,253.0,31.0,253.0,0.0,0.0,108.0,827.0,,Matt Ryan,RyanMa00
2020,35,ATL,QB,16,16,407,626,5337,8.5,2939,7.2,4.7,1642,4.0,6,18,1,33,5.4,89,14.7,458.0,75.5,2.6,204,55,70,166,24.3,16,6.5,18.0,166.0,16.0,166.0,0.0,0.0,152.0,1432.0,,Matt Ryan,RyanMa00
2021,36,ATL,QB,17,17,375,560,3987,7.1,2244,6.0,4.0,1724,4.6,9,15,1,21,3.9,79,14.5,425.0,78.1,2.4,166,48,84,172,27.9,16,4.9,28.0,219.0,22.0,214.0,1.0,5.0,131.0,1099.0,,Matt Ryan,RyanMa00
2022,37,IND,QB,12,12,309,461,2763,6.0,1643,5.3,3.6,1414,4.6,12,17,1,19,4.3,60,13.5,340.0,76.7,2.3,145,33,51,122,24.0,10,8.0,33.0,212.0,30.0,212.0,0.0,0.0,80.0,494.0,,Matt Ryan,RyanMa00
2018,30,DET,QB,16,16,367,555,3840,6.9,1759,4.8,3.2,2018,5.5,0,15,1,29,5.4,94,17.4,,,2.3,165,56,34,130,21.4,12,6.5,,,,,,,,,,Matthew Stafford,StafMa00
2019,31,DET,QB,8,8,187,291,3097,10.6,1609,8.6,5.5,890,4.8,5,5,2,9,3.2,59,20.8,201.0,70.8,2.4,87,23,20,61,19.1,10,5.6,14.0,90.0,8.0,52.0,5.0,38.0,69.0,672.0,,Matthew Stafford,StafMa00
2020,32,DET,QB,16,16,339,528,4609,8.7,2343,6.9,4.4,1741,5.1,7,7,7,33,6.4,94,18.3,399.0,77.6,2.4,179,45,39,122,21.0,16,7.3,27.0,273.0,27.0,273.0,0.0,0.0,105.0,959.0,,Matthew Stafford,StafMa00
2021,33,LAR,QB,17,17,404,601,5090,8.5,2760,6.8,4.6,2126,5.3,9,3,0,31,5.2,111,18.6,458.0,76.6,2.5,137,32,42,104,16.3,8,6.1,25.0,233.0,25.0,233.0,0.0,0.0,122.0,1247.0,,Matthew Stafford,StafMa00
2022,34,LAR,QB,9,9,206,303,2018,6.7,959,4.7,3.2,1128,5.5,3,6,1,11,3.7,54,18.2,224.0,75.7,2.3,77,23,27,79,23.4,5,3.0,14.0,146.0,14.0,146.0,0.0,0.0,68.0,614.0,,Matthew Stafford,StafMa00
2023,35,LAR,QB,15,15,326,521,4033,7.7,2075,6.4,4.0,1890,5.8,8,22,3,33,6.7,94,19.0,372.0,75.0,2.5,171,27,43,100,17.7,13,5.5,20.0,157.0,19.0,157.0,0.0,0.0,97.0,1013.0,"PB,AP MVP-8,AP CPoY-4",Matthew Stafford,StafMa00
2024,36,LAR,QB,16,16,340,517,3696,7.1,2036,6.0,3.9,1726,5.1,15,15,1,15,3.0,88,17.6,372.0,74.3,2.4,144,31,63,122,22.3,3,12.7,0.0,0.0,0.0,0.0,0.0,0.0,0.0,0.0,,Matthew Stafford,StafMa00
2025,37,LAR,QB,17,17,388,597,5358,9.0,2857,7.4,4.8,1850,4.8,5,14,3,28,4.8,105,18.1,427.0,73.6,2.4,159,41,52,116,18.5,7,3.1,16.0,102.0,16.0,102.0,0.0,0.0,207.0,1744.0,"PB,AP-1,AP MVP-1",Matthew Stafford,StafMa00
2018,24,CHI,QB,14,14,289,434,3836,8.8,1809,6.3,4.2,1414,4.9,0,10,1,11,2.6,78,18.4,,,2.4,120,59,18,101,20.4,36,8.9,,,,,,,,,PB,Mitchell Trubisky,TrubMi00
2019,25,CHI,QB,15,15,326,516,4108,8.0,1729,5.3,3.4,1409,4.3,8,7,3,28,5.5,93,18.4,377.0,74.5,2.3,140,56,32,126,21.9,22,5.5,40.0,203.0,26.0,132.0,14.0,71.0,86.0,692.0,,Mitchell Trubisky,TrubMi00
2020,26,CHI,QB,10,9,199,297,2329,7.8,1052,5.3,3.5,1003,5.0,1,4,0,9,3.1,53,18.1,222.0,75.8,2.3,80,25,21,64,19.3,17,9.8,31.0,213.0,25.0,200.0,6.0,13.0,96.0,798.0,,Mitchell Trubisky,TrubMi00
2021,27,BUF,QB,6,0,6,8,41,5.1,26,4.3,3.3,17,2.8,0,0,0,1,12.5,1,12.5,7.0,87.5,2.2,1,0,0,0,0.0,2,15.0,1.0,1.0,1.0,1.0,0.0,0.0,3.0,24.0,,Mitchell Trubisky,TrubMi00
2022,28,PIT,QB,7,5,117,180,1730,9.6,870,7.4,4.8,382,3.3,4,2,1,7,4.0,25,14.1,130.0,73.4,2.3,43,9,10,30,15.4,4,4.5,13.0,103.0,11.0,96.0,2.0,7.0,29.0,287.0,,Mitchell Trubisky,TrubMi00
2023,29,PIT,QB,5,2,67,107,983,9.2,358,5.3,3.3,274,4.1,1,1,1,5,4.8,20,19.0,82.0,78.1,2.4,18,6,8,21,17.2,8,6.3,4.0,24.0,3.0,19.0,1.0,5.0,8.0,37.0,,Mitchell Trubisky,TrubMi00
2024,30,BUF,QB,9,0,19,26,144,5.5,30,1.6,1.2,149,7.8,0,1,0,0,0.0,4,16.0,21.0,84.0,2.2,8,2,1,3,11.1,1,8.0,0.0,0.0,0.0,0.0,0.0,0.0,0.0,0.0,,Mitchell Trubisky,TrubMi00
2025,31,BUF,QB,4,0,25,35,255,7.3,177,7.1,5.1,136,5.4,0,1,0,3,8.8,4,11.8,29.0,85.3,2.6,5,0,0,0,0.0,1,4.0,4.0,56.0,4.0,56.0,0.0,0.0,15.0,153.0,,Mitchell Trubisky,TrubMi00
2018,23,KAN,QB,16,16,383,580,5260,9.1,2489,6.5,4.3,2608,6.8,0,24,1,28,5.0,95,17.1,,,2.4,127,121,67,214,33.8,27,7.9,,,,,,,,,"PB,AP-1,AP MVP-1,AP OPoY-1",Patrick Mahomes,MahoPa00
2019,24,KAN,QB,14,14,319,484,4273,8.8,2076,6.5,4.3,1955,6.1,6,19,0,25,5.4,85,18.3,359.0,77.2,2.5,108,54,34,105,20.0,23,9.3,71.0,497.0,64.0,469.0,6.0,28.0,115.0,908.0,"PB,AP OPoY-4",Patrick Mahomes,MahoPa00
2020,25,KAN,QB,15,15,390,588,4910,8.4,2473,6.3,4.2,2267,5.8,8,20,1,28,4.9,100,17.6,436.0,76.9,2.6,141,62,59,143,22.0,40,7.3,100.0,770.0,94.0,756.0,4.0,14.0,144.0,1068.0,"PB,AP-2,AP MVP-3,AP OPoY-2",Patrick Mahomes,MahoPa00
2021,26,KAN,QB,17,17,436,658,4829,7.3,2140,4.9,3.3,2699,6.2,7,33,0,31,5.0,119,19.0,485.0,77.6,2.4,113,76,60,164,22.4,46,8.7,97.0,652.0,91.0,638.0,5.0,14.0,148.0,1099.0,PB,Patrick Mahomes,MahoPa00
2022,27,KAN,QB,17,17,435,648,4686,7.2,2397,5.5,3.7,2853,6.6,8,33,0,33,5.4,95,15.4,474.0,77.1,2.6,160,58,56,140,19.4,46,7.5,91.0,713.0,86.0,692.0,4.0,21.0,143.0,1394.0,"PB,AP-1,AP MVP-1,AP OPoY-2",Patrick Mahomes,MahoPa00
2023,28,KAN,QB,16,16,401,597,3874,6.5,1628,4.1,2.7,2555,6.4,6,29,2,39,6.9,75,13.3,457.0,80.7,2.5,133,60,65,152,22.6,50,8.1,56.0,337.0,51.0,325.0,3.0,12.0,79.0,794.0,"PB,AP MVP-7",Patrick Mahomes,MahoPa00
2024,29,KAN,QB,16,16,392,581,3601,6.2,1628,4.2,2.8,2300,5.9,10,26,2,26,4.7,87,15.7,425.0,76.9,2.3,140,46,70,152,23.3,36,9.1,6.0,25.0,6.0,25.0,0.0,0.0,2.0,36.0,"AP MVP-6,AP OPoY-17",Patrick Mahomes,MahoPa00
2025,30,KAN,QB,14,14,315,502,3978,7.9,1692,5.4,3.4,1895,6.0,9,26,2,27,5.7,85,17.9,352.0,74.3,2.2,96,38,69,141,24.0,52,8.1,114.0,797.0,105.0,764.0,5.0,33.0,57.0,376.0,,Patrick Mahomes,MahoPa00
2018,37,LAC,QB,16,16,347,508,3947,7.8,2192,6.3,4.3,2116,6.1,0,13,0,23,4.6,64,12.9,,,2.4,151,45,46,123,22.6,5,3.4,,,,,,,,,PB,Philip Rivers,RivePh00
2019,38,LAC,QB,16,16,390,591,5025,8.5,2430,6.2,4.1,2185,5.6,13,16,3,25,4.4,88,15.4,439.0,76.7,2.5,114,40,56,130,20.6,6,5.5,36.0,403.0,36.0,403.0,0.0,0.0,90.0,861.0,,Philip Rivers,RivePh00
2020,39,IND,QB,16,16,369,543,3893,7.2,1948,5.3,3.6,2221,6.0,11,14,3,17,3.2,84,16.0,406.0,77.2,2.3,124,37,37,93,16.5,1,3.0,44.0,370.0,44.0,370.0,0.0,0.0,86.0,719.0,,Philip Rivers,RivePh00
2025,44,IND,QB,3,3,58,92,693,7.5,273,4.7,3.0,271,4.7,3,2,0,2,2.2,13,14.4,64.0,71.1,2.1,20,4,9,18,18.6,0,,17.0,90.0,15.0,90.0,0.0,0.0,6.0,48.0,,Philip Rivers,RivePh00
2018,30,SEA,QB,16,16,280,427,3843,9.0,2063,7.4,4.8,1385,4.9,0,24,8,18,4.6,61,15.4,,,2.5,145,82,31,164,32.3,30,9.6,,,,,,,,,PB,Russell Wilson,WilsRu00
2019,31,SEA,QB,16,16,341,516,4836,9.4,2402,7.0,4.7,1708,5.0,9,20,3,17,3.4,91,18.5,376.0,76.3,2.5,221,71,57,176,28.9,45,7.4,51.0,377.0,38.0,344.0,9.0,33.0,117.0,1059.0,"PB,AP-2,AP OPoY-4",Russell Wilson,WilsRu00
2020,32,SEA,QB,16,16,384,558,4809,8.6,2385,6.2,4.3,1827,4.8,4,24,1,27,5.1,84,15.8,424.0,79.5,2.6,206,65,67,179,27.2,53,8.7,42.0,284.0,33.0,238.0,8.0,46.0,124.0,1047.0,PB,Russell Wilson,WilsRu00
2021,33,SEA,QB,14,14,259,400,3956,9.9,1730,6.7,4.3,1383,5.3,3,13,0,16,4.1,72,18.6,296.0,76.5,2.4,113,48,42,123,27.0,23,7.3,45.0,225.0,36.0,204.0,7.0,21.0,102.0,1036.0,PB,Russell Wilson,WilsRu00
2022,34,DEN,QB,15,15,292,483,4270,8.8,1803,6.2,3.7,1721,5.9,19,32,1,30,6.7,70,15.6,330.0,73.3,2.5,138,42,65,162,28.6,28,7.8,29.0,188.0,25.0,165.0,4.0,23.0,112.0,814.0,,Russell Wilson,WilsRu00
2023,35,DEN,QB,15,15,297,447,3193,7.1,1335,4.5,3.0,1735,5.8,11,26,4,17,4.1,55,13.2,325.0,77.9,2.7,144,42,48,135,25.5,38,7.3,30.0,296.0,22.0,235.0,8.0,61.0,94.0,673.0,,Russell Wilson,WilsRu00
2024,36,PIT,QB,11,11,214,336,2639,7.9,1360,6.4,4.0,1122,5.2,6,25,2,14,4.5,52,16.8,236.0,76.4,2.4,91,27,45,105,26.9,21,7.0,7.0,34.0,6.0,34.0,0.0,0.0,16.0,77.0,"PB,AP CPoY-14",Russell Wilson,WilsRu00
2025,37,NYG,QB,6,3,69,119,1006,8.5,455,6.6,3.8,376,5.4,6,12,0,4,3.7,22,20.6,75.0,70.1,2.3,27,11,15,36,25.5,12,7.6,5.0,18.0,4.0,19.0,1.0,-1.0,20.0,217.0,,Russell Wilson,WilsRu00
2018,36,TAM,QB,8,7,164,246,2546,10.3,1492,9.1,6.1,874,5.3,0,6,0,8,3.3,36,15.0,,,2.4,76,24,27,65,23.0,23,6.2,,,,,,,,,,Ryan Fitzpatrick,FitzRy00
2019,37,MIA,QB,15,13,311,502,4467,8.9,2264,7.3,4.5,1265,4.1,15,7,3,28,5.7,87,17.7,358.0,72.8,2.3,192,48,66,154,26.7,35,7.6,15.0,75.0,13.0,75.0,0.0,0.0,66.0,564.0,,Ryan Fitzpatrick,FitzRy00
2020,38,MIA,QB,9,7,183,267,2072,7.8,1236,6.8,4.6,855,4.7,5,2,1,10,3.8,37,14.0,211.0,79.9,2.2,99,22,31,67,22.6,15,8.0,16.0,109.0,14.0,109.0,1.0,0.0,41.0,341.0,,Ryan Fitzpatrick,FitzRy00
2021,39,WAS,QB,1,1,3,6,4,0.7,7,2.3,1.2,6,2.0,0,0,0,1,16.7,1,16.7,5.0,83.3,1.8,0,1,2,4,50.0,1,2.0,0.0,0.0,0.0,0.0,0.0,0.0,2.0,2.0,,Ryan Fitzpatrick,FitzRy00
2018,30,MIA,QB,11,11,176,274,2233,8.1,908,5.2,3.3,1071,6.1,0,9,1,11,4.2,41,15.5,,,2.4,97,30,32,97,30.7,7,10.1,,,,,,,,,,Ryan Tannehill,TannRy00
2019,31,TEN,QB,12,10,201,286,2715,9.5,1494,7.4,5.2,1248,6.2,6,5,3,9,3.2,35,12.6,225.0,80.9,2.6,104,25,24,80,24.1,15,11.0,7.0,90.0,5.0,85.0,2.0,5.0,74.0,1095.0,"PB,AP CPoY-1",Ryan Tannehill,TannRy00
2020,32,TEN,QB,16,16,315,481,4029,8.4,2295,7.3,4.8,1524,4.8,8,19,0,20,4.3,63,13.6,357.0,77.3,2.5,161,36,61,121,23.0,20,7.4,17.0,153.0,9.0,54.0,8.0,99.0,158.0,1541.0,,Ryan Tannehill,TannRy00
2021,33,TEN,QB,17,17,357,531,3958,7.5,1958,5.5,3.7,1776,5.0,10,9,1,23,4.4,83,15.9,411.0,78.9,2.3,166,31,64,142,23.8,19,10.5,34.0,311.0,22.0,224.0,12.0,87.0,132.0,1114.0,,Ryan Tannehill,TannRy00
2022,34,TEN,QB,12,12,212,325,2522,7.8,1363,6.4,4.2,1173,5.5,11,7,1,20,6.3,38,12.0,235.0,74.1,2.5,105,22,35,90,24.3,13,7.2,28.0,198.0,25.0,172.0,2.0,26.0,84.0,1052.0,,Ryan Tannehill,TannRy00
2023,35,TEN,QB,10,8,149,230,1817,7.9,821,5.5,3.6,795,5.3,5,7,2,12,5.4,31,14.0,166.0,75.1,2.4,65,10,30,72,26.7,8,8.3,14.0,113.0,13.0,101.0,1.0,12.0,58.0,537.0,,Ryan Tannehill,TannRy00
2018,21,NYJ,QB,13,13,239,414,3843,9.3,1605,6.7,3.9,1260,5.3,0,24,1,19,4.9,75,19.3,,,2.4,107,69,12,111,24.2,15,7.7,,,,,,,,,,Sam Darnold,DarnSa00
2019,22,NYJ,QB,13,13,273,441,3614,8.2,1549,5.7,3.5,1475,5.4,10,23,2,25,6.0,74,17.8,313.0,75.2,2.5,166,63,39,135,28.0,8,8.0,35.0,241.0,32.0,235.0,2.0,6.0,92.0,675.0,,Sam Darnold,DarnSa00
2020,23,NYJ,QB,12,12,217,364,2794,7.7,1053,4.9,2.9,1155,5.3,7,21,3,14,4.1,62,18.2,244.0,71.8,2.4,143,43,38,116,27.3,26,8.0,8.0,48.0,5.0,37.0,3.0,11.0,63.0,542.0,,Sam Darnold,DarnSa00
2021,24,CAR,QB,12,11,243,406,2947,7.3,1151,4.7,2.8,1376,5.7,6,23,0,27,7.0,71,18.5,286.0,74.7,2.5,129,60,40,135,29.1,23,8.1,26.0,83.0,22.0,68.0,3.0,15.0,87.0,595.0,,Sam Darnold,DarnSa00
2022,25,CAR,QB,6,6,82,140,1103,7.9,553,6.7,4.0,590,7.2,3,19,3,7,5.9,16,13.6,91.0,77.1,2.7,49,13,9,32,20.1,9,9.0,17.0,100.0,15.0,100.0,2.0,0.0,52.0,414.0,,Sam Darnold,DarnSa00
2023,26,SFO,QB,10,1,28,46,371,8.1,142,5.1,3.1,155,5.5,0,0,1,0,0.0,12,26.7,31.0,68.9,2.9,8,1,2,9,16.4,3,5.0,4.0,26.0,4.0,26.0,0.0,0.0,6.0,17.0,,Sam Darnold,DarnSa00
2024,27,MIN,QB,17,17,361,545,4561,8.4,2566,7.1,4.7,1753,4.9,10,29,1,19,3.7,77,15.0,400.0,77.7,2.6,137,52,52,152,24.5,28,7.9,0.0,0.0,0.0,0.0,0.0,0.0,0.0,0.0,"PB,AP MVP-10,AP CPoY-3",Sam Darnold,DarnSa00
2025,28,SEA,QB,17,17,323,477,3742,7.8,2270,7.0,4.8,1778,5.5,16,22,4,15,3.3,66,14.6,360.0,79.8,2.4,149,47,35,109,21.0,14,6.4,17.0,154.0,17.0,154.0,0.0,0.0,123.0,1394.0,PB,Sam Darnold,DarnSa00
2018,41,NWE,QB,16,16,375,570,4487,7.9,2234,6.0,3.9,2121,5.7,0,22,2,25,4.6,103,18.9,,,2.4,108,48,39,108,18.1,5,6.6,,,,,,,,,PB,Tom Brady,BradTo00
2019,42,NWE,QB,16,16,373,613,4638,7.6,2233,6.0,3.6,1824,4.9,6,40,0,34,5.9,118,20.6,419.0,73.1,2.5,198,55,37,119,18.5,3,11.0,21.0,119.0,21.0,119.0,0.0,0.0,124.0,980.0,,Tom Brady,BradTo00
2020,43,TAM,QB,16,16,401,610,5531,9.1,2833,7.1,4.6,1800,4.5,4,13,4,31,5.2,122,20.6,438.0,73.9,2.4,161,34,58,113,17.8,4,2.0,15.0,110.0,14.0,110.0,1.0,0.0,110.0,1119.0,,Tom Brady,BradTo00
2021,44,TAM,QB,17,17,485,719,5791,8.1,2762,5.7,3.8,2554,5.3,8,13,2,32,4.5,127,18.0,531.0,75.4,2.3,176,30,31,83,11.1,10,7.6,8.0,72.0,8.0,72.0,0.0,0.0,113.0,912.0,"PB,AP-2,AP MVP-2,AP OPoY-3",Tom Brady,BradTo00
2022,45,TAM,QB,17,17,490,733,4876,6.7,2379,4.9,3.2,2315,4.7,11,22,4,32,4.5,116,16.4,545.0,77.1,2.2,130,23,55,100,13.2,3,1.0,23.0,160.0,23.0,160.0,0.0,0.0,123.0,948.0,,Tom Brady,BradTo00
2021,22,JAX,QB,17,17,359,602,4745,7.9,2004,5.6,3.3,1637,4.6,8,18,3,33,5.7,120,20.7,414.0,71.3,2.4,147,67,52,151,22.6,33,7.3,74.0,527.0,52.0,450.0,18.0,77.0,124.0,1013.0,,Trevor Lawrence,LawrTr00
2022,23,JAX,QB,17,17,387,584,4328,7.4,2111,5.5,3.6,2002,5.2,17,16,2,40,7.1,85,15.0,431.0,76.1,2.2,158,45,39,111,17.5,24,9.1,64.0,449.0,56.0,434.0,4.0,15.0,140.0,1265.0,"PB,AP MVP-7,AP CPoY-12",Trevor Lawrence,LawrTr00
2023,24,JAX,QB,16,16,370,564,4627,8.2,2238,6.0,4.0,1778,4.8,16,12,0,24,4.3,104,18.8,410.0,74.3,2.2,158,39,42,116,18.1,42,7.9,77.0,510.0,65.0,449.0,10.0,61.0,85.0,875.0,,Trevor Lawrence,LawrTr00
2024,25,JAX,QB,10,10,172,284,2641,9.3,1211,7.0,4.3,834,4.8,4,9,1,15,5.5,47,17.2,202.0,73.7,2.4,71,13,17,48,15.2,13,8.1,12.0,132.0,12.0,132.0,0.0,0.0,16.0,237.0,,Trevor Lawrence,LawrTr00
2025,26,JAX,QB,17,17,341,560,4890,8.7,2376,7.0,4.2,1631,4.8,20,14,3,45,8.3,78,14.4,400.0,73.7,2.4,158,59,40,140,21.8,42,7.4,31.0,138.0,25.0,130.0,6.0,8.0,130.0,951.0,"AP MVP-5,AP CPoY-4",Trevor Lawrence,LawrTr00
2020,22,MIA,QB,10,9,186,290,2175,7.5,1048,5.6,3.6,766,4.1,2,5,3,12,4.3,53,18.8,209.0,74.1,2.3,115,14,14,48,14.7,16,5.8,32.0,208.0,28.0,195.0,4.0,13.0,78.0,466.0,,Tua Tagovailoa,TagoTu00
2021,23,MIA,QB,13,12,263,388,2722,7.0,1436,5.5,3.7,1217,4.6,1,6,1,17,4.5,63,16.5,305.0,80.1,2.2,101,45,24,89,20.9,18,6.9,94.0,858.0,90.0,847.0,4.0,11.0,116.0,990.0,,Tua Tagovailoa,TagoTu00
2022,24,MIA,QB,13,13,259,400,3790,9.5,2267,8.8,5.7,1281,4.9,6,13,1,26,6.7,61,15.8,296.0,76.7,2.3,86,40,25,86,20.0,10,7.6,74.0,622.0,71.0,615.0,1.0,7.0,159.0,1431.0,AP MVP-9,Tua Tagovailoa,TagoTu00
2023,25,MIA,QB,17,17,388,560,4290,7.7,2447,6.3,4.4,2177,5.6,9,14,2,24,4.4,78,14.3,430.0,79.0,2.1,116,39,27,95,15.7,15,5.3,111.0,1073.0,105.0,1069.0,1.0,4.0,126.0,1145.0,"PB,AP CPoY-5",Tua Tagovailoa,TagoTu00
2024,26,MIA,QB,11,11,291,399,2281,5.7,1182,4.1,3.0,1685,5.8,6,6,2,14,3.6,45,11.5,318.0,81.3,2.1,64,26,11,58,13.6,7,8.1,4.0,29.0,4.0,29.0,0.0,0.0,2.0,16.0,,Tua Tagovailoa,TagoTu00
2025,27,MIA,QB,14,14,260,384,2577,6.7,1243,4.8,3.2,1417,5.5,5,12,2,17,4.6,59,15.9,285.0,77.0,2.3,85,48,15,93,21.9,11,4.0,43.0,220.0,41.0,220.0,0.0,0.0,87.0,663.0,,Tua Tagovailoa,TagoTu00
2018,29,CLE,QB,4,3,42,85,846,10.0,275,6.5,3.2,198,4.7,0,5,1,5,6.3,19,24.1,,,2.4,37,21,9,43,39.4,11,10.1,,,,,,,,,,Tyrod Taylor,TaylTy00
2019,30,LAC,QB,8,0,4,6,32,5.3,14,3.5,2.3,19,4.8,0,0,0,1,16.7,1,16.7,5.0,83.3,2.1,1,0,0,0,0.0,0,,3.0,-1.0,1.0,-2.0,2.0,1.0,2.0,12.0,,Tyrod Taylor,TaylTy00
2020,31,LAC,QB,2,1,16,30,335,11.2,128,8.0,4.3,80,5.0,0,2,0,1,3.6,6,21.4,20.0,71.4,2.5,9,5,2,9,26.5,2,3.5,5.0,24.0,3.0,23.0,2.0,1.0,7.0,46.0,,Tyrod Taylor,TaylTy00
2021,32,HOU,QB,6,6,91,150,1104,7.4,473,5.2,3.2,493,5.4,2,4,1,5,3.4,32,22.1,100.0,69.0,2.3,60,19,16,48,27.0,15,9.9,24.0,143.0,18.0,115.0,4.0,28.0,29.0,239.0,,Tyrod Taylor,TaylTy00
2022,33,NYG,QB,3,0,6,8,99,12.4,32,5.3,4.0,26,4.3,0,0,0,1,12.5,0,0.0,7.0,87.5,2.6,1,0,1,4,26.7,4,14.3,1.0,0.0,1.0,0.0,0.0,0.0,2.0,0.0,,Tyrod Taylor,TaylTy00
2023,34,NYG,QB,11,5,116,180,1546,8.6,763,6.6,4.2,578,5.0,1,8,6,11,6.6,24,14.5,134.0,80.7,2.3,55,19,15,51,22.8,27,5.9,17.0,184.0,15.0,177.0,1.0,7.0,24.0,207.0,,Tyrod Taylor,TaylTy00
2024,35,NYJ,QB,2,0,17,22,88,4.0,51,3.0,2.3,68,4.0,0,1,0,1,4.8,2,9.5,19.0,90.5,2.0,4,3,2,5,20.8,2,6.5,0.0,0.0,0.0,0.0,0.0,0.0,0.0,0.0,,Tyrod Taylor,TaylTy00
2025,36,NYJ,QB,6,4,80,134,1150,8.6,448,5.6,3.3,331,4.1,6,7,1,12,9.5,17,13.5,92.0,73.0,2.4,50,15,16,45,26.5,22,6.4,7.0,62.0,3.0,51.0,4.0,11.0,26.0,198.0,,Tyrod Taylor,TaylTy00
2023,24,TEN,QB,9,9,149,255,2695,10.6,1062,7.1,4.2,746,5.0,5,7,2,12,4.9,41,16.7,165.0,67.1,2.5,88,8,46,82,28.1,9,6.3,20.0,115.0,15.0,112.0,3.0,3.0,61.0,574.0,,Will Levis,LeviWi00
2024,25,TEN,QB,12,12,190,301,2575,8.6,1150,6.1,3.8,941,5.0,4,8,0,19,6.5,55,18.8,217.0,74.1,2.4,69,15,34,90,24.9,19,7.0,31.0,283.0,25.0,258.0,6.0,25.0,67.0,535.0,,Will Levis,LeviWi00
